,percents,count_won,starting_player
0,"[0.4504693813321974, 0.43845156902624777, 0.4418462572851782, 0.47577083903239675, 0.711119695884406, 0.6145915966846295, 0.5101234134129737, 0.49596885469182583]",3,Republican
1,"[0.553864452395074, 0.5484389002401692, 0.585923082802826, 0.6422498592493722, 0.4446821990070335, 0.45587139700971074, 0.45705148416737984, 0.47421748827193727]",4,Democrat
2,"[0.5579686950348766, 0.6644424899503295, 0.5418777287309743, 0.5426595416571681, 0.44937484758408414, 0.45418165623845186, 0.4620503696572092, 0.4742841451888937]",4,Democrat
3,"[0.5653492663210614, 0.5751133252255123, 0.5833445614894659, 0.6350460377704648, 0.432315437820543, 0.4341025616360611, 0.46760127123429107, 0.47188526904908606]",4,Democrat
4,"[0.5237254169355661, 0.5556821547519025, 0.5317006775817976, 0.7003034661524601, 0.41041820521689276, 0.44269579090766775, 0.45846655727710794, 0.5044364298700913]",5,Democrat
5,"[0.6986050242815148, 0.5502697531917171, 0.570068357068864, 0.5337798047030143, 0.3833105145386884, 0.4373817308859074, 0.4661444968769949, 0.5043646339942637]",5,Democrat
6,"[0.526768860719603, 0.5656773625929838, 0.6492378711931659, 0.6442906441595159, 0.37447475517335593, 0.4483215618572084, 0.4639556790956693, 0.4972418509231821]",4,Democrat
7,"[0.45006249940363163, 0.44461304526879336, 0.4649852974440172, 0.46832638039174124, 0.47891069045618545, 0.7069577935645633, 0.5659869549866515, 0.5578519837538265]",3,Republican
8,"[0.5159795013547169, 0.6746587881416557, 0.6971734418542929, 0.4352372436148214, 0.4497626443368248, 0.4512776993104103, 0.4686290072789221, 0.4951679070134378]",3,Democrat
9,"[0.45351795715809184, 0.44856208081138554, 0.47225762733740984, 0.452237961056663, 0.4788250188914372, 0.46133606055996607, 0.7024769447958491, 0.6975580366593029]",2,Republican
10,"[0.4379885813269988, 0.4529912587185515, 0.47858259711346046, 0.4217672943941837, 0.47147083131091844, 0.7159935641358895, 0.7004294346197697, 0.5044247500955564]",3,Republican
11,"[0.5609409642883779, 0.5514931372257124, 0.7011726069946587, 0.43971375617792424, 0.44585378553603294, 0.45005065267749406, 0.48698848666039496, 0.49647470283500167]",3,Democrat
12,"[0.4579996096112432, 0.45542777245931376, 0.432298698383471, 0.4285098402707422, 0.7306051565855275, 0.620350087069647, 0.5516448720048502, 0.5055358995675683]",4,Republican
13,"[0.5143565379053915, 0.5107225973885214, 0.6556800478673142, 0.6605483557155796, 0.5106348303476133, 0.4189717908776712, 0.42158489296814106, 0.47758802811248846]",5,Democrat
14,"[0.6505008350167879, 0.7026067956906932, 0.41321341570233455, 0.5163362988398106, 0.4251377460219474, 0.46025497342587973, 0.46982859092071977, 0.5059377900473595]",4,Democrat
15,"[0.4592617183597036, 0.4458104797281277, 0.45669775479428115, 0.4626573725016004, 0.42514795738827216, 0.4859240234853349, 0.7187119122458143, 0.7031621158073581]",2,Republican
16,"[0.453536255573472, 0.44424119153139335, 0.45722702455312536, 0.4844219634376423, 0.41845476741384163, 0.7044059640910654, 0.6992643755615454, 0.4999124213031049]",2,Republican
17,"[0.46163561730344177, 0.4558193714211554, 0.45334770060139096, 0.42237354028648294, 0.4451794759439777, 0.7269473714745704, 0.7019280735871597, 0.4987365119740044]",2,Republican
18,"[0.44362296312884486, 0.46256456546813096, 0.44129282466127784, 0.4651150180148698, 0.4322095693933602, 0.7103389580844204, 0.6795413462642029, 0.5229977714269032]",3,Republican
19,"[0.5256810175598999, 0.6837775859278045, 0.7404786327309222, 0.38946720440347926, 0.43125350119647826, 0.46587152043819124, 0.47027435139405677, 0.4802806957347973]",3,Democrat
20,"[0.442198244077069, 0.451142176330421, 0.4455217620926403, 0.4685888886038936, 0.6924971399083133, 0.6118741886228954, 0.5399556492773008, 0.4948171884041489]",3,Republican
21,"[0.7101370885517942, 0.649700557344134, 0.5322718477118469, 0.42273963323808617, 0.4429761828931444, 0.4498115123933043, 0.46491219660291133, 0.47538476058437396]",3,Democrat
22,"[0.4489055424831432, 0.44492386358879576, 0.442173569284369, 0.4591043589630349, 0.4227575908990553, 0.7146957457974669, 0.7002865430875902, 0.5258821505148635]",3,Republican
23,"[0.4533906291228467, 0.4423088488992292, 0.46866219221498673, 0.46488499985586945, 0.7110069115056241, 0.39219839378695615, 0.7388133298007007, 0.5073053828788571]",3,Republican
24,"[0.5725447522694743, 0.5213550773603438, 0.5144974458594144, 0.5821424852534929, 0.6085301907300318, 0.4291818230659592, 0.44928707162894116, 0.477500515030722]",5,Democrat
25,"[0.4585204640950051, 0.4543229511242052, 0.44104653507776853, 0.4306270106148415, 0.48500555695646896, 0.7053917114140162, 0.6852750895010251, 0.500698886018044]",3,Republican
26,"[0.45500472824606114, 0.4498895008243589, 0.45238702453892327, 0.37662665157548425, 0.7030202047074308, 0.6943168354930281, 0.5383755148099721, 0.49788784837321487]",3,Republican
27,"[0.6961776544650082, 0.6950780895599766, 0.3927421791474922, 0.4404357731925681, 0.4682919945865163, 0.4770645512643859, 0.49141217699387685, 0.5014582004676871]",3,Democrat
28,"[0.7138684096981586, 0.516733947544444, 0.6762533743060389, 0.3872221053768453, 0.5127714227990341, 0.42874346865443674, 0.4388835484993505, 0.4753665456735723]",4,Democrat
29,"[0.6398051293696865, 0.6865495025638778, 0.42363317774211123, 0.45178232919145456, 0.46935915649493104, 0.49342653852474483, 0.4961145358526937, 0.499973668272902]",2,Democrat
30,"[0.7015256506998544, 0.5565013863382665, 0.6242206097273012, 0.4157239041817432, 0.43228918957481216, 0.4481020795166008, 0.4599631212223765, 0.5017330851546622]",4,Democrat
31,"[0.44610876758695595, 0.4539858556556473, 0.44014764779895943, 0.4616997537703909, 0.6792996713220512, 0.4644414353867393, 0.6867971562073822, 0.5355217167040973]",3,Republican
32,"[0.44766530770239304, 0.45124757140951, 0.46141491469349283, 0.4167986777024768, 0.6956376829015091, 0.6680729540679273, 0.5124461283291621, 0.4939527530718215]",3,Republican
33,"[0.4471677700213802, 0.4393580435613298, 0.45988263243183714, 0.448506239347158, 0.707797287899861, 0.5983488111237988, 0.5392615510782249, 0.49776532279764524]",3,Republican
34,"[0.4512171901775765, 0.44190917669863294, 0.46573838446887855, 0.4079219252573033, 0.6927707114220065, 0.6594917345451906, 0.5606463355550027, 0.5075162650582423]",4,Republican
35,"[0.5697877036085446, 0.5519497998048518, 0.5126257202062064, 0.5495422256460138, 0.6697328020701242, 0.4266031813621598, 0.4338335332407144, 0.46497951021941736]",5,Democrat
36,"[0.6957246079918383, 0.5109629221770178, 0.7266554090468149, 0.3849642169958888, 0.443752741132928, 0.4493405438556703, 0.47230561733638526, 0.49661543176563866]",3,Democrat
37,"[0.5258555746879036, 0.5657559738179664, 0.697002662547288, 0.5358218360307774, 0.43979155938581915, 0.4472250081956305, 0.45572501998401277, 0.4691735653149993]",4,Democrat
38,"[0.43912140140771794, 0.44487379497486856, 0.4435222089822082, 0.4751589410143312, 0.706475432350771, 0.6336312272505025, 0.5018118886992332, 0.49980645937761237]",3,Republican
39,"[0.4586691838791738, 0.4519576379974326, 0.47804722210329054, 0.40852919419907874, 0.7027928705903808, 0.5934794539669246, 0.5475494637650121, 0.49371816978117816]",3,Republican
40,"[0.5585525717523451, 0.6323182655608444, 0.693997187674917, 0.4129085399020903, 0.44347198497292734, 0.4493408828679848, 0.46148564534965797, 0.4928589408974682]",3,Democrat
41,"[0.44911443575261767, 0.4436039782771821, 0.475525567027071, 0.41081830398189406, 0.6922709611228745, 0.6047566233749188, 0.5541671586887522, 0.5292023971128695]",4,Republican
42,"[0.661028303466756, 0.5103650913142823, 0.5715393277741332, 0.62530625474675, 0.4072025019546521, 0.44449801322833854, 0.4616509597917118, 0.46610185311943847]",4,Democrat
43,"[0.4545286147503025, 0.43095049280616293, 0.475043695940279, 0.479124380497202, 0.45573072313944096, 0.6991752232658882, 0.6544822561462014, 0.531669707043292]",3,Republican
44,"[0.6381332930713024, 0.7031860696682085, 0.4384214784752902, 0.4420346061076147, 0.4564578207634399, 0.4777254178777331, 0.49288984876173486, 0.5018391739165786]",3,Democrat
45,"[0.43152712488883244, 0.4482177860716022, 0.46626725194764107, 0.4802299342809612, 0.4788515132505836, 0.47335067041731305, 0.7162728913694382, 0.6283877093043329]",2,Republican
46,"[0.4479594675915441, 0.4512301876144333, 0.42876645185908885, 0.3857675265159312, 0.7579617595835128, 0.7027546871832083, 0.5156229440165188, 0.4976225897727604]",3,Republican
47,"[0.46149803390173944, 0.45469808390103056, 0.45173798905652024, 0.47113102050158584, 0.4112406977335526, 0.727757961077125, 0.705777116996422, 0.4939739424501538]",2,Republican
48,"[0.700741867783148, 0.5357032958670138, 0.6882930037543504, 0.40283391818060676, 0.4127910319927123, 0.45532737205271906, 0.45176381912812946, 0.5019728017701368]",4,Democrat
49,"[0.5150816718396549, 0.6056682784040942, 0.7000717975470516, 0.4236001245717845, 0.4464393346756095, 0.4591699283281655, 0.4771944822741566, 0.5078208756450807]",4,Democrat
50,"[0.4536757105943152, 0.4734355985396785, 0.45497024038475237, 0.4769419131067362, 0.48211035579645767, 0.40319429291334646, 0.7301239402772524, 0.6985474117666132]",2,Republican
51,"[0.7130998035097229, 0.7312615593388514, 0.3972473982663577, 0.4408326331309352, 0.4288860091005642, 0.467755790071948, 0.4915276751811101, 0.5039246727783371]",3,Democrat
52,"[0.4511079316605148, 0.4449710556418652, 0.4697924544155953, 0.475698968469356, 0.40760468711906356, 0.6940902341773207, 0.6713660559746579, 0.5404253403692469]",3,Republican
53,"[0.44688885293641806, 0.45802494313279474, 0.3688382315647102, 0.695091117325002, 0.6834045388356184, 0.5294879147340638, 0.4962872576801159, 0.49190204567841844]",3,Republican
54,"[0.529715422995591, 0.5737504502636088, 0.5816457849961331, 0.5832013072912614, 0.5150450188788847, 0.451223213149419, 0.45344569967427933, 0.46739991258884883]",5,Democrat
55,"[0.5183226948817801, 0.6237686078992963, 0.6876226832831188, 0.4350337196318283, 0.44364231428886125, 0.4550742675597334, 0.4970525044833893, 0.5005985914344339]",4,Democrat
56,"[0.7056472509139957, 0.6995258211454967, 0.42089134328186584, 0.5103841187544972, 0.4520231437085283, 0.4195224525513753, 0.4457670896635811, 0.5073028630179791]",4,Democrat
57,"[0.46876277073968126, 0.4442639979161106, 0.45280196253062494, 0.4496429077224999, 0.4453987341772152, 0.7015611157272642, 0.6376818078677146, 0.5368374541332872]",3,Republican
58,"[0.5504133188298491, 0.5111569758589771, 0.6832812641030942, 0.6424616108329694, 0.4191213436928702, 0.43869375097316654, 0.45248910431605577, 0.4690820920913977]",4,Democrat
59,"[0.46348087744893707, 0.4282401117882234, 0.43850873387575146, 0.6961755025433181, 0.5657696150003843, 0.48762235616008986, 0.556699578906312, 0.5079413255669031]",4,Republican
60,"[0.5633111944405514, 0.5178262962648317, 0.6285225942250374, 0.6656357239042613, 0.38655036448170643, 0.44005341064164594, 0.4598611487700757, 0.5094786191312591]",5,Democrat
61,"[0.5673743617307175, 0.5123365709080178, 0.6410065684136209, 0.675865302143211, 0.41220680910174146, 0.4220740589394741, 0.43773240408808534, 0.4774119306581536]",4,Democrat
62,"[0.45172115350585085, 0.44752390754879223, 0.4727961309475476, 0.46563383431026495, 0.7018041510550738, 0.5796965367081718, 0.5231830232530978, 0.5008226144181872]",4,Republican
63,"[0.5151582343565222, 0.5120064042764039, 0.5702124719546474, 0.6453304310248243, 0.6636988614108781, 0.36594876577390495, 0.42089281181042393, 0.46860745779228064]",5,Democrat
64,"[0.5411617596143826, 0.6536215985515607, 0.6959263605899071, 0.37855785812410486, 0.4521933180311145, 0.4499195727705572, 0.49556868075085025, 0.4986049511074846]",3,Democrat
65,"[0.45847361415596616, 0.43804705111897535, 0.4653534694504145, 0.4533692906397214, 0.4269337540045285, 0.7116007092740864, 0.709488868188677, 0.5026764876272449]",3,Republican
66,"[0.44897251077875566, 0.4387063938876043, 0.46579719471053527, 0.4578858988443406, 0.43367654290631913, 0.4815498093981743, 0.7356067491207966, 0.7042266152834322]",2,Republican
67,"[0.659976004633588, 0.701358852796721, 0.4247917446188385, 0.4412559843192569, 0.44891343727555283, 0.471750090657059, 0.4969800926918573, 0.4991396819184756]",2,Democrat
68,"[0.5719790884047082, 0.553929295203783, 0.7429029937468873, 0.5493515192108628, 0.4108222550746104, 0.4514615892371419, 0.45193580462718425, 0.47457308320546454]",4,Democrat
69,"[0.45831941518063624, 0.45175723484860975, 0.4539318069510789, 0.4287463989890218, 0.4548787435903788, 0.6926844588419206, 0.6453407113722582, 0.5845172487563238]",3,Republican
70,"[0.45033998259804714, 0.4575250159415314, 0.463216208764218, 0.48820605391133326, 0.478169162623919, 0.47321405363254343, 0.6993397397098613, 0.6490240962996242]",2,Republican
71,"[0.46322177678353893, 0.44987690948112613, 0.43653488860526357, 0.47702639892760673, 0.45116909959953494, 0.47700934462917594, 0.7134337292032268, 0.6701576888116033]",2,Republican
72,"[0.45012704709758855, 0.4471725210362122, 0.4335120667837993, 0.6757754317047222, 0.4262398219060409, 0.6415691001096556, 0.5661867417534674, 0.5116725359078859]",4,Republican
73,"[0.45076562827208516, 0.46146221058090603, 0.4300159857243764, 0.44985432507941825, 0.4333953317790061, 0.7057244694064914, 0.6957472122099572, 0.5289385526285509]",3,Republican
74,"[0.5280884473642045, 0.5764607557171588, 0.5856604056349286, 0.6887269024855527, 0.39509204363319483, 0.4421303701920488, 0.44747136118037545, 0.4833130157838638]",4,Democrat
75,"[0.4428505365581725, 0.4512207176040328, 0.45836305303920694, 0.44424368232189304, 0.47269776364613963, 0.6911378102941012, 0.6747799784859964, 0.5313538515356261]",3,Republican
76,"[0.455444003671578, 0.4412629959668539, 0.47064006822694904, 0.4772523119276727, 0.3961249551166966, 0.486815328708292, 0.739101037607225, 0.7074485976817568]",2,Republican
77,"[0.5430561322468469, 0.553507475937298, 0.5601143829294337, 0.5273669625904449, 0.5915333660777103, 0.4450660131641412, 0.4586092501099356, 0.47417895935417015]",5,Democrat
78,"[0.6204325234242944, 0.5378565178801861, 0.7071138216968401, 0.4295186068519441, 0.442803569036883, 0.45031314425446956, 0.47325674244276056, 0.49004568547910676]",3,Democrat
79,"[0.432206315816395, 0.4616161071098682, 0.4372694249186206, 0.4420163472054337, 0.4880407277985299, 0.7123556872274918, 0.696374813428116, 0.4924450708512405]",2,Republican
80,"[0.5265269293935125, 0.7115878180111911, 0.7446151009495713, 0.38997093227360174, 0.42689910118875035, 0.43701851447349976, 0.4677541020598949, 0.4733404150745961]",3,Democrat
81,"[0.4484245321465305, 0.45794727042666555, 0.4434919904371061, 0.488784176884735, 0.43709893388023524, 0.48585240427685544, 0.7141434369899493, 0.6702006383948929]",2,Republican
82,"[0.4522797956648453, 0.45668518488524645, 0.45069994108455647, 0.4408016500030472, 0.47975844256959005, 0.6744369578713658, 0.6379705645116737, 0.5738131170219456]",3,Republican
83,"[0.5153733432554968, 0.7133841833222235, 0.5680767481584668, 0.5581569438069331, 0.3979316037354136, 0.44104875582584807, 0.4716410763877805, 0.47825287477097056]",4,Democrat
84,"[0.5687334350384088, 0.5974154403672359, 0.5528558453928943, 0.6542366679879257, 0.4109555977183222, 0.4480844762088726, 0.45534050887067573, 0.46536925571944127]",4,Democrat
85,"[0.4589353059716107, 0.44421473410119106, 0.45628592483419306, 0.45506873391500846, 0.4164980800453573, 0.7246859901612082, 0.7035636021432895, 0.5014179084512694]",3,Republican
86,"[0.4601842224914232, 0.45342098573556905, 0.6132226897082679, 0.4459187595335039, 0.6037030418825858, 0.5644806963524396, 0.524947716299605, 0.4969759031193063]",4,Republican
87,"[0.4553263030157471, 0.4520385562202433, 0.4237260576891808, 0.7074205423481978, 0.44062614063510563, 0.5915871858958518, 0.5392881063084226, 0.5209340668584599]",4,Republican
88,"[0.4593057954083706, 0.4403034165840454, 0.44823679730168997, 0.45780989438576986, 0.47817416993128253, 0.6921157754967989, 0.6638448345975, 0.5269105004580441]",3,Republican
89,"[0.4274525551496394, 0.44461725850276396, 0.4575832447130294, 0.471609228291362, 0.4677466965875583, 0.7171477664462946, 0.6904481408624015, 0.49065478765946846]",2,Republican
90,"[0.4762764755808833, 0.4632948181297943, 0.40549240720191143, 0.43166844770710405, 0.47559512757259864, 0.7009294484311398, 0.6538733759420692, 0.5495315855676505]",3,Republican
91,"[0.4600141922258141, 0.4508827185300797, 0.4334973270445405, 0.484132544501531, 0.4406026668316679, 0.7070679578271831, 0.6742602789479405, 0.5094371293824467]",3,Republican
92,"[0.5811387808543437, 0.5468152951940154, 0.575079376144696, 0.6271839692100829, 0.4247427590841767, 0.4448685196330095, 0.4752099311104626, 0.4768157610065703]",4,Democrat
93,"[0.546799619728702, 0.5516647684411378, 0.6955409202224044, 0.4432488819773788, 0.4584939331216957, 0.4760334298911767, 0.47982994149912045, 0.49557041107513233]",3,Democrat
94,"[0.43817021944935486, 0.4583614617432396, 0.47329096530401926, 0.4557471467099377, 0.47496732414448667, 0.6925102533531236, 0.642178010616811, 0.5121973447381355]",3,Republican
95,"[0.572299002179149, 0.6022611753291496, 0.6991766191049131, 0.3741374002910947, 0.4421543460601137, 0.46034884273561144, 0.48687307503127814, 0.5091248512430199]",4,Democrat
96,"[0.47240004716034195, 0.44849637754482535, 0.4417094017094017, 0.45847530556446464, 0.4675981861009182, 0.6841556808971666, 0.6493123239335518, 0.520664893795173]",3,Republican
97,"[0.4442922520561974, 0.46460724536598064, 0.47536339108249587, 0.37546489916143005, 0.7060974686146445, 0.6689990449593064, 0.5421712116205692, 0.5015957797560171]",4,Republican
98,"[0.5612681946336792, 0.6594710445073754, 0.5768043430371687, 0.629555359246172, 0.35102213564313955, 0.4490886920806058, 0.451616794217822, 0.5034955376814358]",5,Democrat
99,"[0.7008611838772508, 0.5223128639438059, 0.6538239233588642, 0.5117999138109907, 0.4107076779257201, 0.43276864119421354, 0.4582809755171159, 0.45886375292039433]",4,Democrat
100,"[0.45342180244829045, 0.44625092085455303, 0.43393464475700455, 0.4490081612687297, 0.6781614774188851, 0.5792760407706214, 0.5686747744322879, 0.5314405150180794]",4,Republican
101,"[0.4449050270902211, 0.4530713364338505, 0.42431813950136044, 0.4870256265689394, 0.6920690691259708, 0.6328629615543399, 0.5185275231802196, 0.49178238211592074]",3,Republican
102,"[0.6257229843128008, 0.7036286766474427, 0.42888895350152, 0.4462059223841409, 0.44859354781557775, 0.4745978501433128, 0.5058754580489335, 0.5062891514214978]",4,Democrat
103,"[0.45579020803662423, 0.4524207749256821, 0.4297435601469768, 0.4057597706937289, 0.7348031753947843, 0.7017975624550743, 0.5029135099405094, 0.496634508631632]",3,Republican
104,"[0.45292135443886206, 0.4490382715026171, 0.48031574906960833, 0.3723714935828909, 0.6852943794223666, 0.7414601018675722, 0.5038091869531118, 0.4922420468732715]",3,Republican
105,"[0.4602009763519939, 0.4391353956183349, 0.46615277804813166, 0.46589548192591623, 0.4821893630503515, 0.6956479098357397, 0.6359714411732275, 0.4975894222308467]",2,Republican
106,"[0.4546134572547306, 0.45499231754977654, 0.4459237782779537, 0.4691422775004899, 0.47500631360754614, 0.7004280972919239, 0.6358828230878827, 0.5091473589466126]",3,Republican
107,"[0.45954124149254016, 0.44528782265565725, 0.44436778084432177, 0.46864421038462833, 0.7087739123415934, 0.42508098548638057, 0.7221853572218536, 0.4964107866168474]",2,Republican
108,"[0.5410191898087792, 0.6498416500163591, 0.6904220917485637, 0.41527760936008534, 0.4379343756739965, 0.4611431412782135, 0.47388447894628, 0.47401706519619025]",3,Democrat
109,"[0.44730700779705374, 0.44857646577966487, 0.47459791148746217, 0.47479822212912476, 0.3924463220026088, 0.6945209838999671, 0.6925585795421557, 0.5309464768882004]",3,Republican
110,"[0.5883273958421598, 0.5158973956339821, 0.7001252586864176, 0.6377944379083331, 0.34234536082474226, 0.43587234899715116, 0.4646242131345871, 0.4781870966476392]",4,Democrat
111,"[0.4496492904551098, 0.4493401386045349, 0.44989632739438085, 0.44747153774173426, 0.46663487359051586, 0.709629020877882, 0.6724157718433719, 0.5115809439173932]",3,Republican
112,"[0.4509137905323679, 0.4556164592135815, 0.4575958408766231, 0.45276183954097876, 0.4821153237757464, 0.6805301104747286, 0.6066524870488144, 0.5508166750134252]",3,Republican
113,"[0.46746009950375855, 0.4485188705334863, 0.4082296189097926, 0.420682898420604, 0.7017091625318853, 0.6343287578878392, 0.5666041342205862, 0.49435473152578413]",3,Republican
114,"[0.4520045452363043, 0.44838542466594994, 0.4426684185998343, 0.47288786854240783, 0.6728151227818451, 0.6515473684585439, 0.5335488987859192, 0.49493906561728745]",3,Republican
115,"[0.4481741920755724, 0.46107493003925487, 0.4479751128400788, 0.4618200287225472, 0.4780306311272097, 0.6874527453735143, 0.6840518973534646, 0.4964639505376554]",2,Republican
116,"[0.55711480830836, 0.5483393487876141, 0.5591622945187532, 0.6530459464535602, 0.41963622354915936, 0.44386677391719476, 0.47492295912878957, 0.48810080593231253]",4,Democrat
117,"[0.4399900920298001, 0.458079132429806, 0.4391734160255172, 0.47690999101630444, 0.47872050605659916, 0.6821957058878315, 0.6752208429205176, 0.5125343527293055]",3,Republican
118,"[0.467598048027056, 0.4644085905254924, 0.47143510951291273, 0.4121354556137165, 0.4520903191176328, 0.4725191976224153, 0.7214250242741834, 0.7033403660587108]",2,Republican
119,"[0.4379351127156931, 0.45280444009141363, 0.4592913886240864, 0.4330228335848555, 0.4499638847972344, 0.7066657071406726, 0.6920203097619644, 0.5355405678917232]",3,Republican
120,"[0.6307794092265995, 0.5509873015190907, 0.5128880208582652, 0.68103818164769, 0.40254388688108805, 0.4437897241616832, 0.4468360621813644, 0.49647239314297753]",4,Democrat
121,"[0.4592407705462227, 0.45173057101297565, 0.4815096300001924, 0.48200993126631314, 0.39505172468096195, 0.7321008291234715, 0.6944059672691675, 0.4946696091046677]",2,Republican
122,"[0.4543245885454141, 0.4493929038252571, 0.4453189884171353, 0.48749567522048215, 0.6913765687844224, 0.6207752074317406, 0.4975048796356539, 0.49239084056322]",2,Republican
123,"[0.45478428192039183, 0.44444933560562705, 0.43313013064904554, 0.41341802670623146, 0.7063010434796865, 0.6285489043007659, 0.5595425133697997, 0.508873409955149]",4,Republican
124,"[0.514097216452015, 0.5554806258795335, 0.613783652781684, 0.7234041791002003, 0.4179532486439524, 0.44803497371518747, 0.44908940397350994, 0.464197628432467]",4,Democrat
125,"[0.4399383037409016, 0.4622801484641692, 0.44800798986715523, 0.47020135718531003, 0.7035289743396308, 0.4739496975128837, 0.6533297713726666, 0.5008549269922113]",3,Republican
126,"[0.4570412090308947, 0.4556223126164399, 0.440452376396644, 0.4472131936920669, 0.6761549327889003, 0.6615170489254178, 0.5091363444044849, 0.5032489417347461]",4,Republican
127,"[0.7066049127104813, 0.5447321273767555, 0.6796717587000805, 0.3910725388902125, 0.42655808383233534, 0.4644133658958508, 0.4762150026413101, 0.48108509580148673]",3,Democrat
128,"[0.5476407763059126, 0.5132182847103308, 0.5272847435223942, 0.6196862671585961, 0.7058373441091979, 0.40314196128675833, 0.42543259582541504, 0.43638733790949397]",5,Democrat
129,"[0.45067852443744416, 0.4511301819843723, 0.4467547679733537, 0.41897373633382945, 0.7018886350302991, 0.7105827940627054, 0.49671390960663947, 0.49360655573810375]",2,Republican
130,"[0.4507602160496774, 0.45459121513305545, 0.48411811598795224, 0.36230242833793064, 0.6989665913631602, 0.6806524074616662, 0.5222467567350726, 0.5091555641372209]",4,Republican
131,"[0.5273346402642638, 0.6433990895295902, 0.5572516122775542, 0.6478828704976629, 0.41586191603051115, 0.4454657840165896, 0.45240599649798524, 0.47904711277347956]",4,Democrat
132,"[0.43585217024216144, 0.46298655162039853, 0.44215670212229674, 0.46172227656841136, 0.476782408159288, 0.6613397486474302, 0.6926129795783563, 0.5262645242177242]",3,Republican
133,"[0.5351625835775293, 0.5250619325615838, 0.6011940260427796, 0.6864103240100875, 0.4224997233770134, 0.4455306691654377, 0.44696585295590774, 0.4730106275847909]",4,Democrat
134,"[0.43959415435741106, 0.4724530664128623, 0.4556683075938794, 0.46111568048768686, 0.476768827617637, 0.7094613857911992, 0.6303058415844961, 0.500931243209685]",3,Republican
135,"[0.4541778525730924, 0.45077563945488475, 0.4379167500303389, 0.3429350624692544, 0.7131180742024351, 0.668175037761398, 0.5538372597196126, 0.5280172056143938]",4,Republican
136,"[0.522577955308089, 0.5197082809266848, 0.5874179147684854, 0.5451106523326368, 0.5826134822711223, 0.4519393939393939, 0.46004286250856147, 0.48342940444824867]",5,Democrat
137,"[0.4604608939443514, 0.4545553197261542, 0.47294907845135625, 0.4077998995867171, 0.6718138400114154, 0.6953547146976115, 0.5214457814993917, 0.49642421472467274]",3,Republican
138,"[0.7096769811361765, 0.5178817912003933, 0.6221544397146965, 0.5151233389774659, 0.4308317167798254, 0.4330330783462139, 0.4531761087547032, 0.4629538865663992]",4,Democrat
139,"[0.5441840508346444, 0.6291999009165221, 0.5871551189214386, 0.5893531964934156, 0.4016610520783818, 0.4458070599143588, 0.47946332898694793, 0.49645041865155715]",4,Democrat
140,"[0.4500199497735114, 0.456058705992155, 0.46102193895926963, 0.4442361342171943, 0.4272554199359014, 0.7167701412337073, 0.7072844592597013, 0.5061153154715647]",3,Republican
141,"[0.5769496279900506, 0.6577361471617199, 0.7079237583197033, 0.3397822067212319, 0.444034380614772, 0.5155343539286732, 0.4606430662275887, 0.4629122149946245]",4,Democrat
142,"[0.5181595473398193, 0.6951553351187635, 0.5228756031246468, 0.5876575725285993, 0.42924108007593076, 0.43590981570538273, 0.46472247721075055, 0.48279975569100003]",4,Democrat
143,"[0.6892991150442478, 0.6974239648024734, 0.3995412072366912, 0.5119349060740056, 0.4519990025766769, 0.45270452517791565, 0.46112616739191287, 0.49883040162818665]",3,Democrat
144,"[0.4504328206291734, 0.45408884895450974, 0.45678507655981215, 0.4485494199033398, 0.4484771046621201, 0.7153013576614753, 0.6823042961270553, 0.498724112486144]",2,Republican
145,"[0.454040432397441, 0.4541443347505189, 0.46219154751691166, 0.46566457090094, 0.4664806646702308, 0.6743096734696783, 0.6653359093603246, 0.5280071514067969]",3,Republican
146,"[0.5441059758379793, 0.6476375058477578, 0.6429669800381754, 0.4406535833357634, 0.5291747920016139, 0.4318336342850999, 0.45093684406472856, 0.46988427226638213]",4,Democrat
147,"[0.6817254161518277, 0.700661445440896, 0.42873666503947244, 0.4466851389223531, 0.46025967259777434, 0.46514967168484284, 0.4775425327217455, 0.4914275845118606]",2,Democrat
148,"[0.4517848454018667, 0.45171729346950273, 0.4725138585587099, 0.41052109926415375, 0.6643249018728582, 0.6357931438915873, 0.570836367095601, 0.5041812281577633]",4,Republican
149,"[0.4575131029144555, 0.4606243434177935, 0.46143473223480946, 0.3952338637522635, 0.6347143401506182, 0.6159019405986319, 0.6172630484270867, 0.5181089037688196]",4,Republican
150,"[0.45100653805795465, 0.4529123743113002, 0.3924438644869017, 0.47517520755356346, 0.6949081356403753, 0.6105995101555483, 0.5713536465330814, 0.4992622454087951]",3,Republican
151,"[0.4530965772135626, 0.4601413402326238, 0.46468774576098293, 0.640905980338157, 0.43516323946788915, 0.4760932189674705, 0.7073930023798141, 0.5027264644868122]",3,Republican
152,"[0.44455029225562037, 0.44461894254153167, 0.47641760603606015, 0.3926873176846275, 0.711818942930608, 0.601290624866891, 0.5721960670529104, 0.507725972058576]",4,Republican
153,"[0.6668873003265379, 0.6845826457531157, 0.4240690678670616, 0.4415725373887802, 0.5266525343309604, 0.4724700033462403, 0.47554813941819624, 0.47911420900798746]",3,Democrat
154,"[0.6624909619337918, 0.5339245810055866, 0.5136384149665048, 0.6293429842237349, 0.4067955272240827, 0.4451467811493551, 0.47824937741629353, 0.4930028105458683]",4,Democrat
155,"[0.4460805639796129, 0.44759094474501565, 0.4558671824629271, 0.46800310911497545, 0.4297921553296846, 0.7068608740403997, 0.6927336686673892, 0.5107312735722762]",3,Republican
156,"[0.45907399098888463, 0.44871259162803956, 0.4571743462769491, 0.4895768318561977, 0.39203795984171186, 0.7367932026959833, 0.6882761028209831, 0.5061760417029111]",3,Republican
157,"[0.5649929436232638, 0.5702239260146942, 0.6384187669954138, 0.4466835423642789, 0.4577880259611337, 0.48128066180406215, 0.49991879915551124, 0.5010302259869986]",4,Democrat
158,"[0.44908185635669867, 0.4609320019020447, 0.44840550128187, 0.41801988720307304, 0.4600990020155732, 0.7280002904971132, 0.7035747579095561, 0.4985266541655505]",2,Republican
159,"[0.556492416257816, 0.546039657212521, 0.644777216509825, 0.664263154954203, 0.37000542234004097, 0.41592100300433094, 0.4800929008682114, 0.4846488706365503]",4,Democrat
160,"[0.5408898377296403, 0.5457240371162738, 0.5705582040994822, 0.6649809064774954, 0.4301597460529828, 0.4354679772425846, 0.46550325062769093, 0.5009464079818183]",5,Democrat
161,"[0.45245178036776706, 0.4515653235653236, 0.45193015405700365, 0.4487891559540582, 0.4299331536552312, 0.7349402017158709, 0.6933383424346916, 0.5081577764855149]",3,Republican
162,"[0.4510796523608996, 0.44627821905431775, 0.4456750920057248, 0.4525893259867151, 0.47105339984514427, 0.7019128917689575, 0.674115839103451, 0.5115885711198965]",3,Republican
163,"[0.6862702416739455, 0.5114183099545978, 0.5237442907117774, 0.6098737829755114, 0.4212120280408314, 0.42231475925084794, 0.4680038723158174, 0.49991903965152124]",4,Democrat
164,"[0.6758597706789908, 0.5843325095539066, 0.6428448820111777, 0.4300363968078561, 0.44325001585992513, 0.4558030420044787, 0.46865608182093516, 0.4804963012510182]",3,Democrat
165,"[0.5300258997048171, 0.6232186997130013, 0.6856895051568103, 0.5110560854978285, 0.40298827822229644, 0.44289733441419105, 0.46266496245406613, 0.4976428374998363]",4,Democrat
166,"[0.4516416527040034, 0.44819134040519815, 0.45172321632700374, 0.44533911789350145, 0.7120739667410647, 0.5978901447815603, 0.5295073730496741, 0.5083071201983312]",4,Republican
167,"[0.4558766033119348, 0.449170276400962, 0.4616399013497835, 0.4180128470357622, 0.4563185068981387, 0.7159212279467185, 0.7036760326711192, 0.49756777125630897]",2,Republican
168,"[0.6736983697114264, 0.6952966162745402, 0.4477400145703335, 0.5188649488038045, 0.40577589043671747, 0.4593043505546055, 0.45879003225331566, 0.49233430301124304]",3,Democrat
169,"[0.4550291922252605, 0.4505080020823887, 0.425764715520668, 0.45165966125903667, 0.4755240280164208, 0.4828162019623328, 0.7099814554421144, 0.7014982439466684]",2,Republican
170,"[0.7150087674086921, 0.5619394658418428, 0.5415177130286111, 0.4365440906268611, 0.45645545018932415, 0.5122390003389933, 0.45592154389924167, 0.459568341649189]",4,Democrat
171,"[0.61048524413001, 0.5681364100332993, 0.5250062336885151, 0.5100546745979573, 0.6301413743351207, 0.41426580435020904, 0.4280478035542041, 0.46342983220260314]",5,Democrat
172,"[0.4250797024442083, 0.46851346727594245, 0.43661834059064325, 0.4775358545632204, 0.4791691879957478, 0.6739665269066842, 0.6501799672187858, 0.5511320343103934]",3,Republican
173,"[0.4480456978931409, 0.45403819787647864, 0.46672339523604695, 0.42897344629935996, 0.48029394131221886, 0.7078900155487926, 0.6439361284328093, 0.4970052130861404]",2,Republican
174,"[0.5285230894514412, 0.6520069774937904, 0.6893146647015476, 0.40527337278106507, 0.4355753071419374, 0.4586554191590594, 0.4629444020438126, 0.5054498682101574]",4,Democrat
175,"[0.7083849526338826, 0.6886406219413295, 0.5333766553879938, 0.43400271770482135, 0.4399906475968886, 0.44299046302523876, 0.4557182439817992, 0.47860407835378704]",3,Democrat
176,"[0.4397955986523982, 0.4612134104669407, 0.4557758856842564, 0.42469427401881243, 0.693434647132783, 0.6791205851196523, 0.5100254742910773, 0.5013687535433708]",4,Republican
177,"[0.5534209997755172, 0.537479262689112, 0.7116705243746956, 0.44562739118201605, 0.4488911133281847, 0.46489433129775876, 0.47145249553312957, 0.49995149210291434]",3,Democrat
178,"[0.44987928076752015, 0.4262393553825425, 0.47987054636855864, 0.39956014431347653, 0.480141080107173, 0.705823105488858, 0.7049855559311284, 0.5208817834019088]",3,Republican
179,"[0.5790764541466394, 0.5511959134793966, 0.5719152468849565, 0.6336226239363278, 0.4379946352838829, 0.4277565678788663, 0.47704356873121484, 0.48116670955720675]",4,Democrat
180,"[0.440354556277989, 0.4655901030182308, 0.478832671957672, 0.4728228745936361, 0.37954204522940194, 0.709233450916571, 0.7258766581679784, 0.512093240830418]",3,Republican
181,"[0.619057681771934, 0.5623060198440684, 0.7357510869286996, 0.3996122361051271, 0.45220840071189294, 0.46832996253439874, 0.4684130621875393, 0.4760261515333928]",3,Democrat
182,"[0.547580255202767, 0.52826702541641, 0.6268125475274177, 0.6387979157094116, 0.3968315818592297, 0.45824488978573297, 0.48337851564774614, 0.4898027216946725]",4,Democrat
183,"[0.5491058267104083, 0.6527717532749198, 0.6817931363438243, 0.4318435121555819, 0.4147681282293283, 0.4527104791360702, 0.4696646510505339, 0.5088548819979083]",4,Democrat
184,"[0.45047543201466117, 0.4507681475655241, 0.4549630394877766, 0.43831808438501263, 0.48047777469734776, 0.7044022056225295, 0.6686437661454313, 0.5088670367502066]",3,Republican
185,"[0.5197299049689889, 0.6797198266854285, 0.5460213796016505, 0.6575612558494944, 0.4035313312763517, 0.41309377293670796, 0.4765169388187891, 0.4790357836658015]",4,Democrat
186,"[0.7087836675536101, 0.5129577408848995, 0.6469317357519713, 0.4376365854208038, 0.4411995340236925, 0.4469476277326392, 0.48305327053967273, 0.49374782910732895]",3,Democrat
187,"[0.4433070915971598, 0.451697063824824, 0.4668739589831315, 0.44994312395404656, 0.4809778930932834, 0.46219469878614144, 0.7126531989055882, 0.7082884080311274]",2,Republican
188,"[0.44564462471814614, 0.4494936455583453, 0.46040375876096806, 0.4779398024344509, 0.41280301855584844, 0.7307029175361448, 0.7018917833645495, 0.4977903760789756]",2,Republican
189,"[0.4368825153082268, 0.4669736611482018, 0.4766839033415191, 0.637886084551931, 0.42348248133773964, 0.6808196399964851, 0.5269141157334818, 0.5221830821474558]",4,Republican
190,"[0.54840803699827, 0.6752621954345808, 0.5209437556998258, 0.5904336580739719, 0.41842562134502925, 0.44720393653621193, 0.45890668971171533, 0.4939731336420665]",4,Democrat
191,"[0.4506503442999235, 0.4511950778942956, 0.47368668816430565, 0.47303737706173965, 0.44649135543086194, 0.4735210461652389, 0.7194436460611, 0.6865075001099723]",2,Republican
